user_id;content_type;content;content_hash;created_at;created_by;updated_at;updated_by;version
0e00df74-824a-4f58-b8e5-cacc67b9750b;image/webp;../data/blob/yami_yugi.webp;1a2db12e3f507a404c83069b44515c210e9948d76161fde282cb88e746eeab04;2025-05-10 12:00:00;0e00df74-824a-4f58-b8e5-cacc67b9750b;2025-05-10 12:00:00;0e00df74-824a-4f58-b8e5-cacc67b9750b;0
1e00df74-824a-4f58-b8e5-cacc67b9750b;image/webp;../data/blob/seto_kaiba.webp;79f6d6b6a56930bad3a840de7a91e73b93b7a8e374435ede528010abe5369984;2025-05-10 12:00:00;1e00df74-824a-4f58-b8e5-cacc67b9750b;2025-05-10 12:00:00;1e00df74-824a-4f58-b8e5-cacc67b9750b;0
2e00df74-824a-4f58-b8e5-cacc67b9750b;image/webp;../data/blob/maximillion_pegasus.webp;81213c6ad17984d92842a534d5d849d66436875abcd86c8a2a20b05b2bd81c5e;2025-05-11 13:30:00;2e00df74-824a-4f58-b8e5-cacc67b9750b;2025-05-11 13:30:00;2e00df74-824a-4f58-b8e5-cacc67b9750b;0
3e00df74-824a-4f58-b8e5-cacc67b9750b;image/webp;../data/blob/joey_wheeler.webp;759bf2de8d5fdeb9e7b701e3a020b1b73c531e01bb7243b7d4cf8224eca01a39;2025-05-11 14:00:00;3e00df74-824a-4f58-b8e5-cacc67b9750b;2025-05-11 14:00:00;3e00df74-824a-4f58-b8e5-cacc67b9750b;0
4e00df74-824a-4f58-b8e5-cacc67b9750b;image/webp;../data/blob/yami_bakura.webp;46bc6645aa04f6376447f89408a7ac47575624ea219b4df3007269764e1b3127;2025-05-11 14:30:00;4e00df74-824a-4f58-b8e5-cacc67b9750b;2025-05-11 14:30:00;4e00df74-824a-4f58-b8e5-cacc67b9750b;0
5e00df74-824a-4f58-b8e5-cacc67b9750b;image/webp;../data/blob/pharaoh_atem.webp;50049bd72dd68af9bb4c963efd8c5b1a62e9914b881ab0233298f9e9d0575875;2025-05-11 15:00:00;5e00df74-824a-4f58-b8e5-cacc67b9750b;2025-05-11 15:00:00;5e00df74-824a-4f58-b8e5-cacc67b9750b;0
6e00df74-824a-4f58-b8e5-cacc67b9750b;image/webp;../data/blob/yugi_muto.webp;791198b878dcfb03c583cc177f8154a123a70dc9f96a111913abd67ddddc11fd;2025-05-11 15:30:00;6e00df74-824a-4f58-b8e5-cacc67b9750b;2025-05-11 15:30:00;6e00df74-824a-4f58-b8e5-cacc67b9750b;0
7e00df74-824a-4f58-b8e5-cacc67b9750b;image/webp;../data/blob/marik_ishtar.webp;6b55cd8001b1963e35bd5c2a8eae719bbd1db1463c75fd67faf4f180dc191616;2025-05-11 16:00:00;7e00df74-824a-4f58-b8e5-cacc67b9750b;2025-05-11 16:00:00;7e00df74-824a-4f58-b8e5-cacc67b9750b;0
8e00df74-824a-4f58-b8e5-cacc67b9750b;image/webp;../data/blob/yami_marik.webp;cbc6f3d8c64b15095e03b7bf555e57c260af8a2f0ea668b156a5e7b6694d5243;2025-05-11 16:00:00;8e00df74-824a-4f58-b8e5-cacc67b9750b;2025-05-11 16:00:00;8e00df74-824a-4f58-b8e5-cacc67b9750b;0
9e00df74-824a-4f58-b8e5-cacc67b9750b;image/webp;../data/blob/mai_valentine.webp;a1b63c1461be0324237c6dd5d24ac0310e7504cf14e989310e90d6afda4a31a1;2025-05-11 17:00:00;9e00df74-824a-4f58-b8e5-cacc67b9750b;2025-05-11 17:00:00;9e00df74-824a-4f58-b8e5-cacc67b9750b;0
ae00df74-824a-4f58-b8e5-cacc67b9750b;image/webp;../data/blob/bakura_ryou.webp;6ac13ddf4b9f66f7a2913c9908bad6388cbd7950099b001d56f0c29991d80ead;2025-05-11 17:30:00;ae00df74-824a-4f58-b8e5-cacc67b9750b;2025-05-11 17:30:00;ae00df74-824a-4f58-b8e5-cacc67b9750b;0
